BRAND,CONSOLE,MODEL,PRICE,IMAGE_URL
PlayStation,PlayStation 5,Silent Hill 2,26,https://storage.googleapis.com/images.pricecharting.com/zzizautbtzft4c4r/1600.jpg
PlayStation,PlayStation 5,Grand Theft Auto V,16,https://storage.googleapis.com/images.pricecharting.com/8e47cda4d2b118df28f4c7620694e0d66810c1205d2e8f58659c53891c8d4607/1600.jpg
PlayStation,PlayStation 5,Resident Evil 4 Remake,15,https://storage.googleapis.com/images.pricecharting.com/3r5zma44w6dyw2cp/1600.jpg
PlayStation,PlayStation 5,Elden Ring,21,https://storage.googleapis.com/images.pricecharting.com/6oh7jaxeclferwsm/1600.jpg
PlayStation,PlayStation 5,Call Of Duty: Black Ops 6,24,https://storage.googleapis.com/images.pricecharting.com/6khppige3yje464e/1600.jpg
PlayStation,PlayStation 5,Marvel Spider-Man 2,30,https://storage.googleapis.com/images.pricecharting.com/98ce4a4b295d44456377d28794bf778bac4e9a76bca8bfa52d29f0327faf3bb3/1600.jpg
PlayStation,PlayStation 5,Ghost Of Yotei,48,https://storage.googleapis.com/images.pricecharting.com/73p4pq7a7lp4dolp/1600.jpg
PlayStation,PlayStation 5,Stellar Blade,30,https://storage.googleapis.com/images.pricecharting.com/fed51caadc2ce9494d77ef908303410ece33771a30fee29f61e3516f6fe22290/1600.jpg
PlayStation,PlayStation 5,Marvel Spiderman: Miles Morales,13,https://storage.googleapis.com/images.pricecharting.com/d73eab972092c1093758025427be90f7e53f5015289b30111aa21911d917c5fa/1600.jpg
PlayStation,PlayStation 5,Clair Obscur: Expedition 33,41,https://storage.googleapis.com/images.pricecharting.com/aojkfs4pk3ggrxwb/1600.jpg
PlayStation,PlayStation 5,Final Fantasy XVI,15,https://storage.googleapis.com/images.pricecharting.com/6382e151c9ca71a80046536ef566bdf3414a2d07b59e01353c9a5b6f5334d90f/1600.jpg
PlayStation,PlayStation 5,Silent Hill F,40,https://storage.googleapis.com/images.pricecharting.com/hej4bit5ddmcprfl/1600.jpg
PlayStation,PlayStation 5,God of War Ragnarok,21,https://storage.googleapis.com/images.pricecharting.com/553371c5449276fe9a4bfe1ded9a1bc2109191668b2dc23ff3ac844225aff39c/1600.jpg
PlayStation,PlayStation 5,Concord,16,https://storage.googleapis.com/images.pricecharting.com/3iwzycz5p46ilxdw/1600.jpg
PlayStation,PlayStation 5,Astro Bot,35,https://storage.googleapis.com/images.pricecharting.com/kauewl7oagwihwnn/1600.jpg
PlayStation,PlayStation 5,Final Fantasy VII Rebirth,23,https://storage.googleapis.com/images.pricecharting.com/68be191d13ff8dea41e1899ae44e1828abe6e59d181cf3932176aec775e487a8/1600.jpg
PlayStation,PlayStation 5,Demon's Souls,25,https://storage.googleapis.com/images.pricecharting.com/xsvsnhukugfnpbrn/1600.jpg
PlayStation,PlayStation 5,Ratchet and Clank: Rift Apart,22,https://storage.googleapis.com/images.pricecharting.com/4a83c74255ed8c6a33d9f9db00bb47ef2114fdcf5a1d494f5833c8b88a8a2efd/1600.jpg
PlayStation,PlayStation 5,Metal Gear Solid Delta: Snake Eater,29,https://storage.googleapis.com/images.pricecharting.com/iu7wwsqv4gxpgxsy/1600.jpg
PlayStation,PlayStation 5,Ghost of Tsushima Director's Cut,31,https://storage.googleapis.com/images.pricecharting.com/36fadbeb3105937b74e03f8384469d52c838dbe4ffb0ee96a4b3d623d8f71ee6/1600.jpg
PlayStation,PlayStation 4,Deadpool,100,
PlayStation,PlayStation 4,Godzilla,250,
PlayStation,PlayStation 4,Red Dead Redemption 2,12,
PlayStation,PlayStation 4,Rock Band 4,127,
PlayStation,PlayStation 4,Marvel Spiderman,10,
PlayStation,PlayStation 4,Grand Theft Auto V,10,
PlayStation,PlayStation 4,Skylanders Trap Team,133,
PlayStation,PlayStation 4,The Last of Us Remastered,10,
PlayStation,PlayStation 4,Fallout 4,8,
PlayStation,PlayStation 4,God of War,11,
PlayStation,PlayStation 4,Call of Duty Black Ops III,8,
PlayStation,PlayStation 4,Uncharted 4 A Thief's End,7,
PlayStation,PlayStation 4,Call of Duty WWII,9,
PlayStation,PlayStation 4,Call of Duty: Modern Warfare,10,
PlayStation,PlayStation 4,Poop Slinger,849,
PlayStation,PlayStation 4,Minecraft: Story Mode Complete Adventure,90,
PlayStation,PlayStation 4,Call of Duty: Black Ops 4,8,
PlayStation,PlayStation 4,The Last of Us Part II,15,
PlayStation,PlayStation 4,Elden Ring,23,
PlayStation,PlayStation 4,Days Gone,14,
Nintendo,Switch 2,Donkey Kong Bananza,49,https://storage.googleapis.com/images.pricecharting.com/pkdhv7vg77xg4stl/1600.jpg
Nintendo,Switch 2,Pokemon Legends: Z-A,47,https://storage.googleapis.com/images.pricecharting.com/kp2xed3esfvykfbv/1600.jpg
Nintendo,Switch 2,Metroid Prime 4: Beyond,47,https://storage.googleapis.com/images.pricecharting.com/5733uixjvbe4zcy6/1600.jpg
Nintendo,Switch 2,Mario Kart World,56,https://storage.googleapis.com/images.pricecharting.com/nf66srqeco7umfql/1600.jpg
Nintendo,Switch 2,Final Fantasy VII Remake Intergrade,30,https://storage.googleapis.com/images.pricecharting.com/mero2wibwbz5ebn5/1600.jpg
Nintendo,Switch 2,Kirby Air Riders,46,https://storage.googleapis.com/images.pricecharting.com/kvw5fbpam4hoxmjm/1600.jpg
Nintendo,Switch 2,Cyberpunk 2077: Ultimate Edition,45,https://storage.googleapis.com/images.pricecharting.com/4kxm4afjkfbi6qrn/1600.jpg
Nintendo,Switch 2,Hyrule Warriors Age Of Imprisonment,47,https://storage.googleapis.com/images.pricecharting.com/jq6rxfncocwkmus4/1600.jpg
Nintendo,Switch 2,Zelda: Tears Of The Kingdom,53,https://storage.googleapis.com/images.pricecharting.com/k4zboosfoeq4bjvs/1600.jpg
Nintendo,Switch 2,Zelda: Breath Of The Wild,50,https://storage.googleapis.com/images.pricecharting.com/niotvufwvzeglpxg/1600.jpg
Nintendo,Switch 2,Yakuza 0 Director's Cut,25,https://storage.googleapis.com/images.pricecharting.com/5ragia4trgf7punw/1600.jpg
Nintendo,Switch 2,Bravely Default Flying Fairy HD Remaster,25,https://storage.googleapis.com/images.pricecharting.com/qiifpx7fajfi4idb/1600.jpg
Nintendo,Switch 2,Super Mario Party Jamboree + Jamboree TV,45,https://storage.googleapis.com/images.pricecharting.com/yk6oxtjwplg7hye6/1600.jpg
Nintendo,Switch 2,Kirby And The Forgotten Land + Star-Crossed World,54,https://storage.googleapis.com/images.pricecharting.com/opt2o4d2y7fxyze3/1600.jpg
Nintendo,Switch 2,Sonic X Shadow Generations,20,https://storage.googleapis.com/images.pricecharting.com/ukpjxkoijiduxube/1600.jpg
Nintendo,Switch 2,Hades II,35,https://storage.googleapis.com/images.pricecharting.com/kfcckfm6tdstglqo/1600.jpg
Nintendo,Switch 2,Persona 3 Reload,30,https://storage.googleapis.com/images.pricecharting.com/x2jl7om74hegvd4c/1600.jpg
Nintendo,Switch 2,Street Fighter 6: Years 1-2 Fighters Edition,40,https://storage.googleapis.com/images.pricecharting.com/tfc2bdjdeoh5d73q/1600.jpg
Nintendo,Switch 2,Star Wars Outlaws: Gold Edition,27,https://storage.googleapis.com/images.pricecharting.com/gvxb4swvyiiljtm3/1600.jpg
Nintendo,Switch 2,Madden NFL 26,24,https://storage.googleapis.com/images.pricecharting.com/ckcfiu5b2ob5vgjf/1600.jpg
Nintendo,Switch,Super Mario 3D All-Stars,80,https://storage.googleapis.com/images.pricecharting.com/4a12e0e6e77ed7c3ddc28c3cc02d940f713352873a8ecad1bf84fada5828ee6a/1600.jpg
Nintendo,Switch,Zelda Breath of the Wild,32,https://storage.googleapis.com/images.pricecharting.com/zim6wig6qpxawhou/1600.jpg
Nintendo,Switch,Mario Kart 8 Deluxe,33,https://storage.googleapis.com/images.pricecharting.com/ec1ce350de8721b1c7d11c2fe006864c7a4a65a8a9b1a3c8bc812432b470d1ff/1600.jpg
Nintendo,Switch,Super Smash Bros. Ultimate,35,https://storage.googleapis.com/images.pricecharting.com/AMIfv96H-jT7kRxASAkvkhPSHK1XRZCd2GC9tHc6Uxbe5vM8YTVHXJ4oU4H1R2FaEQJcbHgIgR92L3sTuTuH0TuJQog8m4DEDVPFHma6Q2IXunu07g4SjzaCqf9vTOid0pKIIaOp24Nm4xM_uaax6hX0w5Sg1Gf3hQ/1600.jpg
Nintendo,Switch,Animal Crossing: New Horizons,40,https://storage.googleapis.com/images.pricecharting.com/aeaec7dfe161899fb2e2a15b43b510a56547d95072076a6ea17e6418563cb54f/1600.jpg
Nintendo,Switch,Super Mario Odyssey,30,https://storage.googleapis.com/images.pricecharting.com/961adc3ac6c39a3e534fec19c1a9fabf0abff3d18702a5871512efb300544240/1600.jpg
Nintendo,Switch,Zelda: Tears Of the Kingdom,40,https://storage.googleapis.com/images.pricecharting.com/5161417fff21d62bdd7bb59bf3af49ada5e63938ef2e1a9e267ad45a17aea3a4/1600.jpg
Nintendo,Switch,Pokemon Legends: Arceus,38,https://storage.googleapis.com/images.pricecharting.com/fc62b4cc96d5d938280fec31a7af48e893557d1d635af3b94944131f2288cfab/1600.jpg
Nintendo,Switch,Pokemon Sword,30,https://storage.googleapis.com/images.pricecharting.com/AMIfv97QVwYbm2ZaJBveSLR2Fiq6M6Rd7OvHO8nR_DY1CPREqMlAZ4TrExsCFQChjH9rglhTwAWr9jUXdSsdshpVdWhWfZ2LYKzWTHTeICfve_BTul-6x6bLoyox4xXrWdFP5yYJ1mRPwGei7_aiKoLxpoP61khCrg/1600.jpg
Nintendo,Switch,Luigi's Mansion 3,29,https://storage.googleapis.com/images.pricecharting.com/AMIfv97V2Pkmi2yAny5z-qKxNHtO7KcPi1fVj6wKHWEFhvehfQiyikykb08lcPpMNy4RsQ6QmlehsEeqJOQ0kyhJ561iW6D7lVOWj-Ug_9FrV77LcJSgAcjLS8kUMeFFUtrYzcozw1PCDsb4Qt40RUXhVXctkRcTnw/1600.jpg
Nintendo,Switch,Minecraft,16,https://storage.googleapis.com/images.pricecharting.com/AMIfv972eEaaixwxRcIk1SWl_tp0uU5K-vuq480avH7Dzpvi8TCQUWw4jn09lD_bmdg3v1NkKOBlSiRUHxu2ob6SBNCVyob74mp-eswKoSgqym0fAEKTMjSGCXO5RmH_MzkR5Iy4kDBx6ApIlZ_2nJDyIYGoJeFAXg/1600.jpg
Nintendo,Switch,Super Mario Bros. Wonder,37,https://storage.googleapis.com/images.pricecharting.com/3d433d0555bb179530bdb1ee52d1503cbcd5be54cd5928eb16d8abab9ce014ca/1600.jpg
Nintendo,Switch,New Super Mario Bros U Deluxe,30,https://storage.googleapis.com/images.pricecharting.com/AMIfv950Gt473JuOGD4FPozRw4rW0MgLITCzMSRIXjNZ9kjeXmUlDLBqzU-c2-m52GPT09Bf8YPRBNkynobxsbWftceHxgxrBqXUt3KbH79NJAbpgtGYpzJIQpiQE1DHUzQ0zaV-clGee6sJBqc-RNSy8uH_IhqTRQ/1600.jpg
Nintendo,Switch,Pokemon Violet,36,https://storage.googleapis.com/images.pricecharting.com/dd3255dd9b3ae4282e1515e3e21e869bed1405d9371cdbf13d5926f1136867c2/1600.jpg
Nintendo,Switch,Pokemon Scarlet,32,https://storage.googleapis.com/images.pricecharting.com/c459b7b5fd45279ea4fbc5a910e7749b6215bdc3a82c9c6423df3d9d737f325f/1600.jpg
Nintendo,Switch,Super Mario RPG,24,https://storage.googleapis.com/images.pricecharting.com/38a20fdf52efaed0d85ee7bfcc253098a2df2ac24e1d8d3d4c76a36d6dcabee5/1600.jpg
Nintendo,Switch,Pokemon Brilliant Diamond,36,https://storage.googleapis.com/images.pricecharting.com/0606adc89423e311a9a884701a755ed5f55e29919bc748d39cb65fd05847fdb6/1600.jpg
Nintendo,Switch,Pokemon Let's Go Pikachu,33,https://storage.googleapis.com/images.pricecharting.com/AMIfv9784eMGpErWXWZU85FjoAksqpdaQABTo9jSs5ccHyQ-2qZqCpbsDm6us5e6i_FoIq1L6x4KgItR2uwVkVI3_U5Jy6qD8tNsmIy77pSs5Ty6IISHdm33NcwTKp0anfmhrdJucww5B0vl-3aVZHkB79R_1-v0jQ/1600.jpg
Nintendo,Switch,Zelda Link's Awakening,32,https://storage.googleapis.com/images.pricecharting.com/6a0c826a86e157bd5187b086c2657bf40734e0f22f9d97e74bace9aa7e5e27ce/1600.jpg
Nintendo,Switch,Super Mario 3D World + Bowser's Fury,35,https://storage.googleapis.com/images.pricecharting.com/d9c78ae180554d3161086d36ac34c99080c0476d25389d38671da2d9edca0a62/1600.jpg
Xbox,Xbox Series X|S,Forza Horizon 5,48,https://storage.googleapis.com/images.pricecharting.com/5af8eceae2e0b9b4ba7c623f78c3be362a0c626a5ae3826ae13b3dfc92d576f3/1600.jpg
Xbox,Xbox Series X|S,Assassin's Creed Valhalla,8,https://storage.googleapis.com/images.pricecharting.com/32cc07d3e289072faa3623b13089904b0c5edb3f08c49f1794b08d0c5ede9402/1600.jpg
Xbox,Xbox Series X|S,Halo Infinite,24,https://storage.googleapis.com/images.pricecharting.com/04764f2b1b0270ce9c935758b0caa3dc8b9bca64fc13147b6914b15a89abff84/1600.jpg
Xbox,Xbox Series X|S,Elden Ring,20,https://storage.googleapis.com/images.pricecharting.com/74187444190c28a1d80a055a21a3e2db7315ccee93a6781548ea4b443151b68e/1600.jpg
Xbox,Xbox Series X|S,EA Sports College Football 25,7,https://storage.googleapis.com/images.pricecharting.com/elwhxaviey3tawdp/1600.jpg
Xbox,Xbox Series X|S,Far Cry 6,8,https://storage.googleapis.com/images.pricecharting.com/a063bc7aa82c6d15ce8fd0610b1b397a6986fd16a9ef6c67872d24097930ea1d/1600.jpg
Xbox,Xbox Series X|S,Call of Duty: Modern Warfare II,14,https://storage.googleapis.com/images.pricecharting.com/64992c37670b8eafa7136020add1160a5ba834c41d0220a31f2ab5cd356f5a86/1600.jpg
Xbox,Xbox Series X|S,Eiyuden Chronicle: Hundred Heroes,1000,https://storage.googleapis.com/images.pricecharting.com/e114119212377651238a428fb95c1528e1b36a1a472277f39de9addeb73951ed/1600.jpg
Xbox,Xbox Series X|S,Call Of Duty: Black Ops 6,22,https://storage.googleapis.com/images.pricecharting.com/z3txannclcfapdgx/1600.jpg
Xbox,Xbox Series X|S,Doki Doki Literature Club Plus,151,https://storage.googleapis.com/images.pricecharting.com/8719f999a9c256dc443fdc6ac21295f90369fc081a9a249fdfafb2ef065a56a2/1600.jpg
Xbox,Xbox Series X|S,Lies of P,65,https://storage.googleapis.com/images.pricecharting.com/3011f1c3a60c5a99d4f3f53a40c726afc13e916a41de7d85b279b64d78d01082/1600.jpg
Xbox,Xbox Series X|S,Call of Duty: Modern Warfare III,24,https://storage.googleapis.com/images.pricecharting.com/2988155c91a474efe81908a06ae3a0d420264b94fdce03e983d85bfa08e38f23/1600.jpg
Xbox,Xbox Series X|S,Resident Evil Village,12,https://storage.googleapis.com/images.pricecharting.com/e698a1de5e3c836a15a1e8942f6c84ff093d03bf5edd60db68cac2d19455cbbb/1600.jpg
Xbox,Xbox Series X|S,Grand Theft Auto V,10,https://storage.googleapis.com/images.pricecharting.com/971e7d8cb5137646353c2e8bc1273008f93b95a7d9a115b6e8e26c45652cb7be/1600.jpg
Xbox,Xbox Series X|S,Call of Duty: Black Ops Cold War,8,https://storage.googleapis.com/images.pricecharting.com/f84d42947231a9d75ce99f9e59eee8b33985ff3ea302e9b752ec9c1a76472ba0/1600.jpg
Xbox,Xbox Series X|S,Starfield,25,https://storage.googleapis.com/images.pricecharting.com/c1ec0cc4b418d04241b1cff43bf59a2bb8e39be7c98f75797bf8e3cbe7b7c74e/1600.jpg
Xbox,Xbox Series X|S,Resident Evil 4 Remake,15,https://storage.googleapis.com/images.pricecharting.com/d0a1fbb6a9ab4889348c5bbac8b47a6326ed197fa809cf35dfc9516ef807c30f/1600.jpg
Xbox,Xbox Series X|S,Watch Dogs: Legion,7,https://storage.googleapis.com/images.pricecharting.com/82f7b563904de0311ea1f301779f0948ceb72a7ac3128a4715c5f9bda2f7c342/1600.jpg
Xbox,Xbox Series X|S,Back 4 Blood,6,https://storage.googleapis.com/images.pricecharting.com/xpzh6rnmvdsifg6o/1600.jpg
Xbox,Xbox Series X|S,Grand Theft Auto: The Trilogy [Definitive Edition],20,https://storage.googleapis.com/images.pricecharting.com/d8663565b7680d20259302eb5595910512a9fc1cdce25f01bbb2f6ae6f13ec7b/1600.jpg
Xbox,Xbox One,Call of Duty Black Ops III,7,https://storage.googleapis.com/images.pricecharting.com/xd7qenfmi5lni6ta/1600.jpg
Xbox,Xbox One,Red Dead Redemption 2,12,https://storage.googleapis.com/images.pricecharting.com/ir33ai4lsws7kkld/1600.jpg
Xbox,Xbox One,Halo 5 Guardians,8,https://storage.googleapis.com/images.pricecharting.com/cl7o242s3gcbhcdz/1600.jpg
Xbox,Xbox One,Deadpool,65,https://storage.googleapis.com/images.pricecharting.com/a6af24d4dc854e8b6a2696f13875ed65574d74c8a32ad943ad20d1b9ced4ec22/1600.jpg
Xbox,Xbox One,Grand Theft Auto V,7,https://storage.googleapis.com/images.pricecharting.com/huenru7llcuricax/1600.jpg
Xbox,Xbox One,Fallout 4,8,https://storage.googleapis.com/images.pricecharting.com/AMIfv97dN67Ucf6sa9rGgmoiaYPBlxjzyr28xECVaDnAv2Lr6fR7mwdjO6JgwF3KuscXRZa3I5l58665Sbzvs2lFNmS29GAFUEVWli5UVSN03GPBbvp35bvIvGSrEgAYi_VYQ-ZWLK8TJv3Aa0x_xrjfPEeyWU3eMQ/1600.jpg
Xbox,Xbox One,Call of Duty WWII,7,https://storage.googleapis.com/images.pricecharting.com/aqmxpjavkntjeagt/1600.jpg
Xbox,Xbox One,Halo: The Master Chief Collection,23,https://storage.googleapis.com/images.pricecharting.com/AMIfv96ftGIM4EnVrI46E16HPq_W7a7R5uc1SHKhuqcQrN8hGQnt5MlF16W6dpVw2P59GahqYDGlx9eiFvOePCJ38tPxc7pwSelAr33EZo_ZKWkK9A4Q-9XqKsIcb0GBhvPxbZm0AQ_zpxYgeWVkcdzV-oB9f_TpAQ/1600.jpg
Xbox,Xbox One,Rock Band 4,60,https://storage.googleapis.com/images.pricecharting.com/AMIfv95z_jp_fXwLMavMW5QdJcwj7T0YoNipgg_WsFxTChntD08heobUbFBVNu4wmu4C-f-gLFcjHRingT_8Ztye22jfB9kDX7vMXAU_rF0oDRCwhA4m4HlHVWan185Kd-dP9dFicsrPZ1rMQWHdgzNlnM6B9Rv6Yg/1600.jpg
Xbox,Xbox One,Call of Duty: Modern Warfare,8,https://storage.googleapis.com/images.pricecharting.com/AMIfv97yaq587hVNq7fuKof7zkVV6R1x3XGAmbFVtppISjV-ADmwZRVJhWNrVuhgCnMOwpotmx2JbYFxXbng3E6fraqVJX_TU09s-h9Q824Vtsy0W5Md_TeYjm4N20CsrpnWR836x74usiFIY9o1OOb7chCvMPX7XQ/1600.jpg
Xbox,Xbox One,Minecraft [Xbox One Edition],15,https://storage.googleapis.com/images.pricecharting.com/AMIfv95R4HEiH-DQ6bmzPRG2TRFZX78RSbPW5Qt-dqqF1_F-x2ZFT4glBBoYHmIMITue_K8eDPp3uX3sfvcFQ0QiF7oKlh-ZR3Gd-HH-V_eHOUIjC6Z1s2aeBlJ6graqULWUulJdsmTyPJBTt9c9RT28iJ5tozQiDw/1600.jpg
Xbox,Xbox One,Minecraft: Story Mode Complete Adventure,59,https://storage.googleapis.com/images.pricecharting.com/AMIfv95TqhqgpIGYS96eDMhxPPDfHirHn3KpzqWU-jt-Gmaq1Wdm0LjEI-9sTArpX5HxMCy-KBfgv9VReIMB4HEHE5egIlZiZdmYNKpIxKEM3dzQywfUCYktbaHhqm0wNkLZLLCLAO4z8BeO8tltr2XqV107VYwK3w/1600.jpg
Xbox,Xbox One,Call of Duty: Black Ops 4,7,https://storage.googleapis.com/images.pricecharting.com/mkbwji2aqean2w7m/1600.jpg
Xbox,Xbox One,Battlefield 1,4,https://storage.googleapis.com/images.pricecharting.com/kj7irs5x6nc7asb2/1600.jpg
Xbox,Xbox One,Forza Horizon 4,24,https://storage.googleapis.com/images.pricecharting.com/ghwzzjyfwqrqzboz/1600.jpg
Xbox,Xbox One,Fortnite,60,https://storage.googleapis.com/images.pricecharting.com/AMIfv961btqAAsRcLQD668fuDfHa_6Zz-GeGznLtJYETPezAU9GkU8dkorKFgPSS6JuIZfzYqtxxQgB4YuhhswYHbGjYSTzZ-bt2LfvJqOebNGOKVqTyQzBx6_OtIzhZxpGnjCRGabyJmOW_gAz5dFhQdFnLemGIhw/1600.jpg
Xbox,Xbox One,Forza Horizon 3,15,https://storage.googleapis.com/images.pricecharting.com/AMIfv965abjOVx7LIY8meGMz8MkVDr_Ql7l2o5Ra9jEiVlK3-fAOegCjpAjvWKjIYPCuyGhdN4wBzXwbkc-laR-BJnrcR7cWWC0B-KEGoDup0JxEDU7cfpIIdDoGRT8wqDxJq-JMZ9qxqfDAkR7sj7AJopaTIFVqbQ/1600.jpg
Xbox,Xbox One,Star Wars Battlefront,5,https://storage.googleapis.com/images.pricecharting.com/AMIfv95HiDBKi3OOKOFIeelHmylDhBe8BbFHFS9qWmIQ4WxgtOEGtgM8qmRRFIU8fMJ_eES2qxRJ8_6hK4BhnCGTGBGyb4oifSb5PxXaelYdyvAKJdIXESd9EmoUKPy2dwiVPBJS-nUjs_ywbzzq8r6eCrp7bRlVsg/1600.jpg
Xbox,Xbox One,Gears of War 4,9,https://storage.googleapis.com/images.pricecharting.com/AMIfv97kpXNgYN_kaW9bGKFNKd5IdcO3_54RFdQEH2f8cxMM83gPgWDkxvudBTDTlvpFMYqkoeD3y74o7L-6ZvS8qtqCQaVJqzHtlIUJ2P19kLjmtnLHNkNv8IXxgHhIwKDDySUMlKafwss5yBArZ94PFFEazMvS3w/1600.jpg
Xbox,Xbox One,Elder Scrolls V: Skyrim [Special Edition],9,https://storage.googleapis.com/images.pricecharting.com/b7ce55cad2bff9606a695611bdcbc502c3ec97ab220611ee2bdf8ad1543d7d18/1600.jpg
